{"cameraMode":{"drawMode":0,"name":"Shaded","section":"Shading Mode"},"sceneLighting":true,"audioPlay":false,"sceneViewState":{"showFog":true,"showMaterialUpdate":false,"showSkybox":true,"showFlares":true,"showImageEffects":true,"showParticleSystems":true},"in2DMode":false,"pivot":{"x":-44.64862060546875,"y":3.7679176330566408,"z":-317.21661376953127},"rotation":{"x":-0.005619252100586891,"y":-0.9943773746490479,"z":0.07311715930700302,"w":-0.076422318816185},"size":394.5317077636719,"orthographic":false}