{"cameraMode":{"drawMode":0,"name":"Shaded","section":"Shading Mode"},"sceneLighting":true,"audioPlay":false,"sceneViewState":{"showFog":true,"showMaterialUpdate":false,"showSkybox":true,"showFlares":true,"showImageEffects":true,"showParticleSystems":true},"in2DMode":false,"pivot":{"x":136.50161743164063,"y":35.805152893066409,"z":-157.78118896484376},"rotation":{"x":0.1636422872543335,"y":0.8357920050621033,"z":-0.35326671600341799,"w":0.38715675473213198},"size":23.236051559448243,"orthographic":false}