{"cameraMode":{"drawMode":0,"name":"Shaded","section":"Shading Mode"},"sceneLighting":true,"audioPlay":false,"sceneViewState":{"showFog":true,"showMaterialUpdate":false,"showSkybox":true,"showFlares":true,"showImageEffects":true,"showParticleSystems":true},"in2DMode":false,"pivot":{"x":349.7637939453125,"y":263.5834045410156,"z":503.6438293457031},"rotation":{"x":-0.06335168331861496,"y":0.011884420178830624,"z":-0.0007549799629487097,"w":-0.9979234933853149},"size":1165.1044921875,"orthographic":false}