{"cameraMode":{"drawMode":0,"name":"Shaded","section":"Shading Mode"},"sceneLighting":true,"audioPlay":false,"sceneViewState":{"showFog":true,"showMaterialUpdate":false,"showSkybox":true,"showFlares":true,"showImageEffects":true,"showParticleSystems":true},"in2DMode":false,"pivot":{"x":162.3328399658203,"y":285.3634033203125,"z":444.999755859375},"rotation":{"x":-0.05877377465367317,"y":0.007768722716718912,"z":-0.00045651703840121627,"w":-0.998242974281311},"size":801.72705078125,"orthographic":false}