{"cameraMode":{"drawMode":0,"name":"Shaded","section":"Shading Mode"},"sceneLighting":true,"audioPlay":false,"sceneViewState":{"showFog":true,"showMaterialUpdate":false,"showSkybox":true,"showFlares":true,"showImageEffects":true,"showParticleSystems":true},"in2DMode":false,"pivot":{"x":127.90476989746094,"y":-39.918827056884769,"z":-122.99972534179688},"rotation":{"x":-0.20340470969676972,"y":-0.7351787686347961,"z":0.2509115934371948,"w":-0.595976710319519},"size":228.7730255126953,"orthographic":false}