{"cameraMode":{"drawMode":0,"name":"Shaded","section":"Shading Mode"},"sceneLighting":true,"audioPlay":false,"sceneViewState":{"showFog":true,"showMaterialUpdate":false,"showSkybox":true,"showFlares":true,"showImageEffects":true,"showParticleSystems":true},"in2DMode":false,"pivot":{"x":204.6925048828125,"y":12.171242713928223,"z":-190.60577392578126},"rotation":{"x":0.3456910252571106,"y":0.636053204536438,"z":-0.38334783911705019,"w":0.5735792517662048},"size":101.6890869140625,"orthographic":false}