{"cameraMode":{"drawMode":0,"name":"Shaded","section":"Shading Mode"},"sceneLighting":true,"audioPlay":false,"sceneViewState":{"showFog":true,"showMaterialUpdate":false,"showSkybox":true,"showFlares":true,"showImageEffects":true,"showParticleSystems":true},"in2DMode":false,"pivot":{"x":-3.4544849395751955,"y":20.833627700805665,"z":-147.75363159179688},"rotation":{"x":0.5280325412750244,"y":-0.14655104279518128,"z":0.09308788180351258,"w":0.8312888145446777},"size":16.86609649658203,"orthographic":false}